{
    "name": "CA_Trans_Supply_Chain_6",
    "displayName": "Chart 1",
    "dependencies": [
        "CA_Trans_Supply_Chain"
    ],
    "transformName": "",
    "options": {
        "marker": "bar",
        "x": {
            "name": "name",
            "validName": "name",
            "type": "character",
            "isNumeric": false,
            "isDate": false,
            "func": "none",
            "label": "c1",
            "validLabel": "c1"
        },
        "y": {
            "name": "gram2",
            "validName": "gram2",
            "type": "numrows",
            "isNumeric": false,
            "isDate": false,
            "func": "count",
            "label": "c2",
            "validLabel": "c2"
        },
        "size": "",
        "color": "",
        "text": "",
        "shape": "",
        "facetcolumn": "",
        "facetrow": "",
        "barstyle": "stack",
        "barsort": "off",
        "label": "",
        "colh": "",
        "rowh": "",
        "meas": "",
        "scatterText": "",
        "includeOutlier": "off",
        "treatNAAsZero": "on",
        "mapmode": "USA-states",
        "columns": [
            {
                "name": "name",
                "type": "character",
                "escapedName": "name",
                "_row": "name",
                "isNumeric": false,
                "isDate": false
            },
            {
                "name": "gram2",
                "type": "character",
                "escapedName": "gram2",
                "_row": "gram2",
                "isNumeric": false,
                "isDate": false
            },
            {
                "name": "count_per_doc",
                "type": "integer",
                "escapedName": "count_per_doc",
                "_row": "count_per_doc",
                "isNumeric": true,
                "isDate": false
            },
            {
                "name": "count_of_docs",
                "type": "integer",
                "escapedName": "count_of_docs",
                "_row": "count_of_docs",
                "isNumeric": true,
                "isDate": false
            },
            {
                "name": "tfidf",
                "type": "numeric",
                "escapedName": "tfidf",
                "_row": "tfidf",
                "isNumeric": true,
                "isDate": false
            }
        ],
        "data": [
            {
                "c1": "Pepsico, Inc.",
                "c2": 475
            },
            {
                "c1": "DICK'S Sporting Goods, Inc.",
                "c2": 321
            },
            {
                "c1": "Hill Phoenix, Inc.",
                "c2": 320
            },
            {
                "c1": "Bayer Corporation",
                "c2": 252
            },
            {
                "c1": "Georgia-Pacific Gypsum LLC",
                "c2": 200
            },
            {
                "c1": "Georgia Pacific Panel Products LLC",
                "c2": 200
            },
            {
                "c1": "Georgia-Pacific Corrugated III LLC",
                "c2": 200
            },
            {
                "c1": "Georgia-Pacific Consumer Operations LLC",
                "c2": 200
            },
            {
                "c1": "ISOLA USA Corp",
                "c2": 178
            },
            {
                "c1": "q.e.p. co., inc.",
                "c2": 173
            },
            {
                "c1": "The Sleep Train, Inc.",
                "c2": 156
            },
            {
                "c1": "Kate Spade & Company",
                "c2": 151
            },
            {
                "c1": "Orbital Sciences Corporation, Orbital ATK, Inc.",
                "c2": 144
            },
            {
                "c1": "The Lauridsen Group, Inc. through its Essentia Pro",
                "c2": 141
            },
            {
                "c1": "The Lauridsen GRoup, Inc through its subsidiary Bo",
                "c2": 140
            },
            {
                "c1": "The Colgate-Palmolive Company",
                "c2": 138
            },
            {
                "c1": "Stoesser Industries d/b/a SMC Ltd.",
                "c2": 137
            },
            {
                "c1": "Michelman, Inc.",
                "c2": 136
            },
            {
                "c1": "The Luaridson Group, Inc. through its Proliant bus",
                "c2": 136
            },
            {
                "c1": "Materion Corporation (incl subsidiaries Materion B",
                "c2": 135
            },
            {
                "c1": "Just Born, Inc.",
                "c2": 134
            },
            {
                "c1": "Bernhardt Furniture Company",
                "c2": 134
            },
            {
                "c1": "Merisant Company",
                "c2": 134
            },
            {
                "c1": "Harris Freeman & Co., Inc.",
                "c2": 133
            },
            {
                "c1": "MasterBrand Cabinets, Inc. (MBCI)",
                "c2": 132
            },
            {
                "c1": "Therma-Tru Corp.",
                "c2": 132
            },
            {
                "c1": "Moen Incorporated",
                "c2": 132
            },
            {
                "c1": "TOMS Shoes, LLC",
                "c2": 128
            },
            {
                "c1": "Batteries Plus Holding Corporation dba Batteries P",
                "c2": 127
            },
            {
                "c1": "INFICON, Inc.",
                "c2": 127
            },
            {
                "c1": "L & M Footwear, Inc. DBA Robert Wayne Footwear DBA",
                "c2": 121
            },
            {
                "c1": "HA INTERNATIONAL LLC",
                "c2": 119
            },
            {
                "c1": "Rogers Corporation",
                "c2": 118
            },
            {
                "c1": "Benefit Cosmetics LLC",
                "c2": 115
            },
            {
                "c1": "Trinity Industries, Inc.",
                "c2": 115
            },
            {
                "c1": "Sun Chemical Corporation",
                "c2": 112
            },
            {
                "c1": "Under Armour, Inc.",
                "c2": 108
            },
            {
                "c1": "Knoll, Inc. d/b/a North America Knoll, Inc.",
                "c2": 107
            },
            {
                "c1": "Rentech, Inc.",
                "c2": 104
            },
            {
                "c1": "LaCrosse Footwear, Inc.",
                "c2": 103
            },
            {
                "c1": "HM Electronics, Inc.",
                "c2": 103
            },
            {
                "c1": "The Segerdahl Corporation DBA SG360°",
                "c2": 102
            },
            {
                "c1": "DVCC Inc. and Subsidiaries",
                "c2": 101
            },
            {
                "c1": "Merit Medical Systems, Inc.",
                "c2": 100
            },
            {
                "c1": "Elkay Manufacturing Company",
                "c2": 97
            },
            {
                "c1": "Schwarze Industries, Inc.",
                "c2": 97
            },
            {
                "c1": "Mettler-Toledo",
                "c2": 95
            },
            {
                "c1": "HARMONIC INC. WHICH WILL DO BUSINESS IN CALIFORNIA",
                "c2": 94
            },
            {
                "c1": "Exemplis LLC, dba SitOnIt Seating, SitOnIt, Ideon",
                "c2": 92
            },
            {
                "c1": "TUPACK Verpackungen Gesellschaft m.b.H./ MARETO Ku",
                "c2": 92
            },
            {
                "c1": "Dollar Tree",
                "c2": 91
            },
            {
                "c1": "Citi Trends, Inc.",
                "c2": 91
            },
            {
                "c1": "National Steel and Shipbuilding Company DBA NASSCO",
                "c2": 91
            },
            {
                "c1": "Manchester Tank & Equipment Co.",
                "c2": 90
            },
            {
                "c1": "GOJO Industries, Inc.",
                "c2": 90
            },
            {
                "c1": "Swatfame Inc.",
                "c2": 89
            },
            {
                "c1": "Bar-S Foods Co.",
                "c2": 89
            },
            {
                "c1": "WellPet",
                "c2": 87
            },
            {
                "c1": "North American Stainless, G. P.",
                "c2": 87
            },
            {
                "c1": "Spirit Halloween Superstores LLC",
                "c2": 86
            },
            {
                "c1": "Sapa Extrusions, Inc.; Sapa Extrusions North Ameri",
                "c2": 85
            },
            {
                "c1": "FXI, Inc.",
                "c2": 83
            },
            {
                "c1": "Leatherman Tool Group, Inc.",
                "c2": 83
            },
            {
                "c1": "Robinson Helicopter Company, Inc.",
                "c2": 82
            },
            {
                "c1": "Garland Industries, Inc.",
                "c2": 82
            },
            {
                "c1": "Luvata Appleton, LLC",
                "c2": 81
            },
            {
                "c1": "Standard Motor Products, Inc.",
                "c2": 81
            },
            {
                "c1": "CWI, Inc. d/b/a Camping World, Inc.",
                "c2": 77
            },
            {
                "c1": "California Dairies, Inc.",
                "c2": 76
            },
            {
                "c1": "Tnemec Company, Inc.",
                "c2": 75
            },
            {
                "c1": "Outerwall Inc.",
                "c2": 75
            },
            {
                "c1": "Unified Brands",
                "c2": 73
            },
            {
                "c1": "R. A. Phillips Industries, Inc., dba \"Phillips Ind",
                "c2": 71
            },
            {
                "c1": "ICL Performance Products LP",
                "c2": 69
            },
            {
                "c1": "True Religion Apparel, Inc.",
                "c2": 66
            },
            {
                "c1": "Rite-Hite Holding Corporation",
                "c2": 65
            },
            {
                "c1": "Fox Factory, Inc.",
                "c2": 65
            },
            {
                "c1": "Marian, Inc.",
                "c2": 63
            },
            {
                "c1": "DairiConcepts, LP",
                "c2": 63
            },
            {
                "c1": "Linde North America, Inc",
                "c2": 62
            },
            {
                "c1": "GN Netcom, Inc.",
                "c2": 60
            },
            {
                "c1": "Bristol-Myers Squibb (and subsidiaries)",
                "c2": 60
            },
            {
                "c1": "Kuni Enterprises, Inc. DBA Kuni Automotive",
                "c2": 57
            },
            {
                "c1": "Betco Corporation",
                "c2": 52
            },
            {
                "c1": "Gene Holding LLC",
                "c2": 47
            },
            {
                "c1": "Bemis Associates Inc. and Subs 04-1078880",
                "c2": 39
            },
            {
                "c1": "Bissell Inc",
                "c2": 37
            },
            {
                "c1": "Bissell Homecare Inc",
                "c2": 37
            },
            {
                "c1": "Alcoa Inc.",
                "c2": 34
            },
            {
                "c1": "Arch Telecom Inc.",
                "c2": 31
            },
            {
                "c1": "Jaclyn, Inc.",
                "c2": 29
            },
            {
                "c1": "Samtec, Inc. (Samtec Optical Group)",
                "c2": 29
            },
            {
                "c1": "Global Brass and Copper, Inc.",
                "c2": 29
            },
            {
                "c1": "One Kings Lane, Inc.",
                "c2": 26
            },
            {
                "c1": "Enterprise Products Operating LLC",
                "c2": 23
            },
            {
                "c1": "Zoeller Pump Company",
                "c2": 13
            },
            {
                "c1": "Silicon Laboratories Inc.",
                "c2": 9
            },
            {
                "c1": "Flowserve US, Inc.",
                "c2": 5
            },
            {
                "c1": "A-dec Inc.",
                "c2": 2
            },
            {
                "c1": "Akebono Brake Corporation",
                "c2": 1
            }
        ],
        "height": 378,
        "width": 609,
        "sortOrder": "desc",
        "sortTarget": "y"
    },
    "timestamp": "2016-09-30T12:00:24.531Z",
    "updatedBy": "",
    "snapshot": null,
    "publicTitle": "",
    "publicDescription": "",
    "publicDataSourceURL": "",
    "publicWithData": true,
    "privateShare": false,
    "sharedURL": "",
    "publishSizeOption": null
}