{
    "name": "DimensionReduction_Clustering_5",
    "displayName": "Chart 3",
    "dependencies": [
        "DimensionReduction_Clustering"
    ],
    "transformName": "",
    "options": {
        "marker": "pivot",
        "x": "",
        "y": "",
        "size": "",
        "color": "",
        "text": "",
        "shape": "",
        "facetcolumn": "",
        "facetrow": "",
        "barstyle": "stack",
        "barsort": "off",
        "label": "",
        "colh": "",
        "rowh": "",
        "meas": "",
        "scatterText": "",
        "includeOutlier": "off",
        "treatNAAsZero": "on",
        "mapmode": "USA-states",
        "columns": [],
        "data": null,
        "height": 388,
        "width": 609
    },
    "timestamp": "2016-09-30T00:27:39.878Z",
    "updatedBy": "",
    "snapshot": null,
    "publicTitle": "",
    "publicDescription": "",
    "publicDataSourceURL": "",
    "publicWithData": true,
    "privateShare": false,
    "sharedURL": "",
    "publishSizeOption": null,
    "filename": "DimensionReduction_Clustering_5.json"
}