{
    "name": "DimensionReduction_Clustering_viz_1",
    "displayName": "Distance",
    "dependencies": [
        "DimensionReduction_Clustering"
    ],
    "transformName": "",
    "options": {
        "marker": "scatter",
        "x": {
            "name": "X1",
            "validName": "X1",
            "type": "numeric",
            "isNumeric": true,
            "isDate": false,
            "func": "none",
            "label": "c1",
            "validLabel": "c1"
        },
        "y": {
            "name": "X2",
            "validName": "X2",
            "type": "numeric",
            "isNumeric": true,
            "isDate": false,
            "func": "none",
            "label": "c2",
            "validLabel": "c2"
        },
        "size": "",
        "color": null,
        "text": "",
        "shape": "",
        "facetcolumn": "",
        "facetrow": "",
        "barstyle": "stack",
        "barsort": "off",
        "label": {
            "name": "name",
            "validName": "name",
            "type": "character",
            "isNumeric": false,
            "isDate": false,
            "func": "none",
            "label": "c4",
            "validLabel": "c4"
        },
        "colh": "",
        "rowh": "",
        "meas": "",
        "scatterText": "",
        "includeOutlier": "off",
        "treatNAAsZero": "on",
        "mapmode": "USA-states",
        "columns": [
            {
                "name": "name",
                "type": "character",
                "escapedName": "name",
                "_row": "name",
                "isNumeric": false,
                "isDate": false
            },
            {
                "name": "X1",
                "type": "numeric",
                "escapedName": "X1",
                "_row": "X1",
                "isNumeric": true,
                "isDate": false
            },
            {
                "name": "X2",
                "type": "numeric",
                "escapedName": "X2",
                "_row": "X2",
                "isNumeric": true,
                "isDate": false
            },
            {
                "name": "X3",
                "type": "numeric",
                "escapedName": "X3",
                "_row": "X3",
                "isNumeric": true,
                "isDate": false
            },
            {
                "name": "cluster",
                "type": "integer",
                "escapedName": "cluster",
                "_row": "cluster",
                "isNumeric": true,
                "isDate": false
            }
        ],
        "data": [
            {
                "c1": 0.0166,
                "c2": 0.0039,
                "c3": 0.0406,
                "c4": "A-dec Inc."
            },
            {
                "c1": 0.015,
                "c2": 0.0122,
                "c3": 0.0422,
                "c4": "Akebono Brake Corporation"
            },
            {
                "c1": 0.0258,
                "c2": -0.0361,
                "c3": -0.0129,
                "c4": "Alcoa Inc."
            },
            {
                "c1": 0.0175,
                "c2": 0.0102,
                "c3": 0.021,
                "c4": "Arch Telecom Inc."
            },
            {
                "c1": 0.02,
                "c2": 0.0195,
                "c3": 0.0002,
                "c4": "Bar-S Foods Co."
            },
            {
                "c1": 0.0036,
                "c2": 0.0149,
                "c3": 0.0175,
                "c4": "Batteries Plus Holding Corporation dba Batteries P"
            },
            {
                "c1": -0.0177,
                "c2": -0.0393,
                "c3": -0.0168,
                "c4": "Bayer Corporation"
            },
            {
                "c1": 0.0051,
                "c2": 0.0042,
                "c3": 0.0112,
                "c4": "Bemis Associates Inc. and Subs 04-1078880"
            },
            {
                "c1": 0.0035,
                "c2": 0.0471,
                "c3": -0.0451,
                "c4": "Benefit Cosmetics LLC"
            },
            {
                "c1": 0.0185,
                "c2": -0.0114,
                "c3": -0.0106,
                "c4": "Bernhardt Furniture Company"
            },
            {
                "c1": 0.0249,
                "c2": 0.0333,
                "c3": -0.0009,
                "c4": "Betco Corporation"
            },
            {
                "c1": 0.0412,
                "c2": 0.0353,
                "c3": 0.6306,
                "c4": "Bissell Homecare Inc"
            },
            {
                "c1": 0.0412,
                "c2": 0.0353,
                "c3": 0.6306,
                "c4": "Bissell Inc"
            },
            {
                "c1": 0.0209,
                "c2": -0.0053,
                "c3": -0.0008,
                "c4": "Bristol-Myers Squibb (and subsidiaries)"
            },
            {
                "c1": 0.0193,
                "c2": 0.024,
                "c3": -0.022,
                "c4": "California Dairies, Inc."
            },
            {
                "c1": 0.0253,
                "c2": 0.036,
                "c3": -0.0154,
                "c4": "Citi Trends, Inc."
            },
            {
                "c1": 0.0191,
                "c2": 0.0014,
                "c3": 0.0135,
                "c4": "CWI, Inc. d/b/a Camping World, Inc."
            },
            {
                "c1": 0.011,
                "c2": 0.0229,
                "c3": 0.0051,
                "c4": "DairiConcepts, LP"
            },
            {
                "c1": 0.0251,
                "c2": -0.01,
                "c3": -0.0851,
                "c4": "DICK'S Sporting Goods, Inc."
            },
            {
                "c1": 0.0108,
                "c2": 0.0177,
                "c3": -0.0017,
                "c4": "Dollar Tree"
            },
            {
                "c1": 0.0187,
                "c2": 0.0276,
                "c3": 0.0023,
                "c4": "DVCC Inc. and Subsidiaries"
            },
            {
                "c1": 0.0161,
                "c2": 0.0173,
                "c3": -0.0155,
                "c4": "Elkay Manufacturing Company"
            },
            {
                "c1": 0.0156,
                "c2": 0.0049,
                "c3": 0.0324,
                "c4": "Enterprise Products Operating LLC"
            },
            {
                "c1": 0.019,
                "c2": 0.0533,
                "c3": -0.0808,
                "c4": "Exemplis LLC, dba SitOnIt Seating, SitOnIt, Ideon"
            },
            {
                "c1": 0.0202,
                "c2": 0.0113,
                "c3": 0.0681,
                "c4": "Flowserve US, Inc."
            },
            {
                "c1": 0.023,
                "c2": 0.0336,
                "c3": -0.0246,
                "c4": "Fox Factory, Inc."
            },
            {
                "c1": 0.0288,
                "c2": 0.0041,
                "c3": -0.0317,
                "c4": "FXI, Inc."
            },
            {
                "c1": 0.0167,
                "c2": 0.0232,
                "c3": 0.0008,
                "c4": "Garland Industries, Inc."
            },
            {
                "c1": 0.0182,
                "c2": 0.0007,
                "c3": 0.0137,
                "c4": "Gene Holding LLC"
            },
            {
                "c1": -0.4878,
                "c2": -0.013,
                "c3": 0.0047,
                "c4": "Georgia-Pacific Consumer Operations LLC"
            },
            {
                "c1": -0.4878,
                "c2": -0.013,
                "c3": 0.0047,
                "c4": "Georgia-Pacific Corrugated III LLC"
            },
            {
                "c1": -0.4878,
                "c2": -0.013,
                "c3": 0.0047,
                "c4": "Georgia-Pacific Gypsum LLC"
            },
            {
                "c1": -0.4878,
                "c2": -0.013,
                "c3": 0.0047,
                "c4": "Georgia Pacific Panel Products LLC"
            },
            {
                "c1": 0.0121,
                "c2": 0.0173,
                "c3": -0.0226,
                "c4": "Global Brass and Copper, Inc."
            },
            {
                "c1": 0.0146,
                "c2": -0.0406,
                "c3": 0.1263,
                "c4": "GN Netcom, Inc."
            },
            {
                "c1": 0.0136,
                "c2": -0.0021,
                "c3": 0.0062,
                "c4": "GOJO Industries, Inc."
            },
            {
                "c1": 0.0188,
                "c2": 0.0264,
                "c3": -0.0102,
                "c4": "HA INTERNATIONAL LLC"
            },
            {
                "c1": 0.0154,
                "c2": 0.0226,
                "c3": 0.0121,
                "c4": "HARMONIC INC. WHICH WILL DO BUSINESS IN CALIFORNIA"
            },
            {
                "c1": 0.0239,
                "c2": -0.0001,
                "c3": -0.015,
                "c4": "Harris Freeman & Co., Inc."
            },
            {
                "c1": 0.0299,
                "c2": 0.0062,
                "c3": -0.0423,
                "c4": "Hill Phoenix, Inc."
            },
            {
                "c1": 0.0339,
                "c2": 0.0536,
                "c3": -0.0926,
                "c4": "HM Electronics, Inc."
            },
            {
                "c1": 0.0226,
                "c2": 0.03,
                "c3": -0.0248,
                "c4": "ICL Performance Products LP"
            },
            {
                "c1": 0.0302,
                "c2": 0.0406,
                "c3": -0.0618,
                "c4": "INFICON, Inc."
            },
            {
                "c1": 0.0264,
                "c2": 0.0454,
                "c3": -0.0072,
                "c4": "ISOLA USA Corp"
            },
            {
                "c1": 0.0126,
                "c2": 0.0175,
                "c3": 0.0011,
                "c4": "Jaclyn, Inc."
            },
            {
                "c1": 0.0201,
                "c2": 0.042,
                "c3": -0.013,
                "c4": "Just Born, Inc."
            },
            {
                "c1": 0.0202,
                "c2": 0.0493,
                "c3": -0.0805,
                "c4": "Kate Spade & Company"
            },
            {
                "c1": 0.0042,
                "c2": -0.0665,
                "c3": 0.0208,
                "c4": "Knoll, Inc. d/b/a North America Knoll, Inc."
            },
            {
                "c1": 0.02,
                "c2": 0.0227,
                "c3": 0.0013,
                "c4": "Kuni Enterprises, Inc. DBA Kuni Automotive"
            },
            {
                "c1": 0.0206,
                "c2": 0.0306,
                "c3": -0.0225,
                "c4": "L & M Footwear, Inc. DBA Robert Wayne Footwear DBA"
            },
            {
                "c1": 0.0161,
                "c2": 0.0292,
                "c3": -0.002,
                "c4": "LaCrosse Footwear, Inc."
            },
            {
                "c1": 0.0216,
                "c2": 0.0301,
                "c3": -0.0083,
                "c4": "Leatherman Tool Group, Inc."
            },
            {
                "c1": 0.0103,
                "c2": 0.0125,
                "c3": 0.0066,
                "c4": "Linde North America, Inc"
            },
            {
                "c1": 0.0188,
                "c2": 0.0199,
                "c3": 0.0011,
                "c4": "Luvata Appleton, LLC"
            },
            {
                "c1": 0.0226,
                "c2": 0.0288,
                "c3": -0.0107,
                "c4": "Manchester Tank & Equipment Co."
            },
            {
                "c1": 0.013,
                "c2": 0.0211,
                "c3": -0.0204,
                "c4": "Marian, Inc."
            },
            {
                "c1": 0.0413,
                "c2": -0.553,
                "c3": -0.0207,
                "c4": "MasterBrand Cabinets, Inc. (MBCI)"
            },
            {
                "c1": 0.0135,
                "c2": 0.0301,
                "c3": -0.0238,
                "c4": "Materion Corporation (incl subsidiaries Materion B"
            },
            {
                "c1": 0.0184,
                "c2": 0.0424,
                "c3": -0.0537,
                "c4": "Merisant Company"
            },
            {
                "c1": 0.0158,
                "c2": 0.0273,
                "c3": -0.0004,
                "c4": "Merit Medical Systems, Inc."
            },
            {
                "c1": 0.0184,
                "c2": -0.0048,
                "c3": 0.0163,
                "c4": "Mettler-Toledo"
            },
            {
                "c1": 0.019,
                "c2": 0.0232,
                "c3": -0.0104,
                "c4": "Michelman, Inc."
            },
            {
                "c1": 0.0413,
                "c2": -0.553,
                "c3": -0.0207,
                "c4": "Moen Incorporated"
            },
            {
                "c1": 0.0168,
                "c2": 0.0242,
                "c3": 0.0145,
                "c4": "National Steel and Shipbuilding Company DBA NASSCO"
            },
            {
                "c1": 0.0233,
                "c2": 0.0347,
                "c3": -0.0056,
                "c4": "North American Stainless, G. P."
            },
            {
                "c1": 0.023,
                "c2": 0.027,
                "c3": 0.0767,
                "c4": "One Kings Lane, Inc."
            },
            {
                "c1": 0.015,
                "c2": 0.005,
                "c3": 0.0021,
                "c4": "Orbital Sciences Corporation, Orbital ATK, Inc."
            },
            {
                "c1": 0.0191,
                "c2": 0.0225,
                "c3": -0.0523,
                "c4": "Outerwall Inc."
            },
            {
                "c1": 0.011,
                "c2": -0.0319,
                "c3": -0.0028,
                "c4": "Pepsico, Inc."
            },
            {
                "c1": 0.0095,
                "c2": -0.0029,
                "c3": 0.0088,
                "c4": "q.e.p. co., inc."
            },
            {
                "c1": 0.0198,
                "c2": 0.0224,
                "c3": 0.0253,
                "c4": "R. A. Phillips Industries, Inc., dba \"Phillips Ind"
            },
            {
                "c1": 0.0197,
                "c2": 0.0251,
                "c3": -0.0393,
                "c4": "Rentech, Inc."
            },
            {
                "c1": 0.0219,
                "c2": 0.0241,
                "c3": 0.0503,
                "c4": "Rite-Hite Holding Corporation"
            },
            {
                "c1": 0.0151,
                "c2": 0.047,
                "c3": -0.0563,
                "c4": "Robinson Helicopter Company, Inc."
            },
            {
                "c1": 0.0169,
                "c2": 0.0155,
                "c3": 0.0007,
                "c4": "Rogers Corporation"
            },
            {
                "c1": 0.0219,
                "c2": 0.0196,
                "c3": -0.0055,
                "c4": "Samtec, Inc. (Samtec Optical Group)"
            },
            {
                "c1": 0.0173,
                "c2": 0.0242,
                "c3": 0.0024,
                "c4": "Sapa Extrusions, Inc.; Sapa Extrusions North Ameri"
            },
            {
                "c1": 0.0367,
                "c2": 0.0506,
                "c3": -0.0665,
                "c4": "Schwarze Industries, Inc."
            },
            {
                "c1": 0.011,
                "c2": 0.0037,
                "c3": 0.0142,
                "c4": "Silicon Laboratories Inc."
            },
            {
                "c1": 0.0248,
                "c2": 0.0223,
                "c3": -0.0224,
                "c4": "Spirit Halloween Superstores LLC"
            },
            {
                "c1": 0.0231,
                "c2": 0.0104,
                "c3": 0.0312,
                "c4": "Standard Motor Products, Inc."
            },
            {
                "c1": 0.0232,
                "c2": 0.0236,
                "c3": -0.0246,
                "c4": "Stoesser Industries d/b/a SMC Ltd."
            },
            {
                "c1": 0.0213,
                "c2": 0.0278,
                "c3": -0.0214,
                "c4": "Sun Chemical Corporation"
            },
            {
                "c1": 0.0159,
                "c2": 0.0276,
                "c3": -0.0271,
                "c4": "Swatfame Inc."
            },
            {
                "c1": 0.022,
                "c2": 0.0241,
                "c3": -0.0735,
                "c4": "The Colgate-Palmolive Company"
            },
            {
                "c1": 0.0366,
                "c2": 0.0717,
                "c3": -0.1801,
                "c4": "The Lauridsen GRoup, Inc through its subsidiary Bo"
            },
            {
                "c1": 0.0336,
                "c2": 0.0344,
                "c3": -0.0976,
                "c4": "The Lauridsen Group, Inc. through its Essentia Pro"
            },
            {
                "c1": 0.0425,
                "c2": 0.0832,
                "c3": -0.2169,
                "c4": "The Luaridson Group, Inc. through its Proliant bus"
            },
            {
                "c1": 0.0374,
                "c2": 0.0399,
                "c3": -0.0768,
                "c4": "The Segerdahl Corporation DBA SG360°"
            },
            {
                "c1": 0.021,
                "c2": 0.0425,
                "c3": -0.0156,
                "c4": "The Sleep Train, Inc."
            },
            {
                "c1": 0.0413,
                "c2": -0.553,
                "c3": -0.0207,
                "c4": "Therma-Tru Corp."
            },
            {
                "c1": 0.03,
                "c2": 0.03,
                "c3": -0.035,
                "c4": "Tnemec Company, Inc."
            },
            {
                "c1": 0.0168,
                "c2": 0.0254,
                "c3": -0.0092,
                "c4": "TOMS Shoes, LLC"
            },
            {
                "c1": 0.0287,
                "c2": 0.0099,
                "c3": -0.0325,
                "c4": "Trinity Industries, Inc."
            },
            {
                "c1": 0.016,
                "c2": 0.0119,
                "c3": 0.0147,
                "c4": "True Religion Apparel, Inc."
            },
            {
                "c1": 0.0077,
                "c2": -0.0033,
                "c3": 0.0111,
                "c4": "TUPACK Verpackungen Gesellschaft m.b.H./ MARETO Ku"
            },
            {
                "c1": 0.018,
                "c2": 0.0113,
                "c3": -0.0286,
                "c4": "Under Armour, Inc."
            },
            {
                "c1": 0.0199,
                "c2": -0.0373,
                "c3": 0.0367,
                "c4": "Unified Brands"
            },
            {
                "c1": 0.0171,
                "c2": -0.0018,
                "c3": 0.0012,
                "c4": "WellPet"
            },
            {
                "c1": 0.0241,
                "c2": -0.0003,
                "c3": 0.0073,
                "c4": "Zoeller Pump Company"
            }
        ],
        "height": 378,
        "width": 609,
        "z": {
            "name": "X3",
            "validName": "X3",
            "type": "numeric",
            "isNumeric": true,
            "isDate": false,
            "func": "none",
            "label": "c3",
            "validLabel": "c3"
        },
        "sortTarget": "y"
    },
    "timestamp": "2016-09-30T14:58:49.842Z",
    "updatedBy": "",
    "snapshot": null,
    "publicTitle": "",
    "publicDescription": "",
    "publicDataSourceURL": "",
    "publicWithData": true,
    "privateShare": false,
    "sharedURL": "",
    "publishSizeOption": null,
    "filename": "DimensionReduction_Clustering_viz_1.json"
}