{
    "name": "Similarity_3",
    "displayName": "SimilarDoc_Bar",
    "dependencies": [
        "Similarity"
    ],
    "transformName": "",
    "options": {
        "marker": "bar",
        "x": {
            "name": "name.x",
            "validName": "name.x",
            "type": "character",
            "isNumeric": false,
            "isDate": false,
            "func": "none",
            "label": "c1",
            "validLabel": "c1"
        },
        "y": {
            "name": "value",
            "validName": "value",
            "type": "numeric",
            "isNumeric": true,
            "isDate": false,
            "func": "sum",
            "label": "c2",
            "validLabel": "c2"
        },
        "size": "",
        "color": "",
        "text": "",
        "shape": "",
        "facetcolumn": "",
        "facetrow": "",
        "barstyle": "stack",
        "barsort": "off",
        "label": "",
        "colh": "",
        "rowh": "",
        "meas": "",
        "scatterText": "",
        "includeOutlier": "off",
        "treatNAAsZero": "on",
        "mapmode": "USA-states",
        "columns": [
            {
                "name": "name.x",
                "type": "character",
                "escapedName": "name.x",
                "_row": "name.x",
                "isNumeric": false,
                "isDate": false
            },
            {
                "name": "name.y",
                "type": "character",
                "escapedName": "name.y",
                "_row": "name.y",
                "isNumeric": false,
                "isDate": false
            },
            {
                "name": "value",
                "type": "numeric",
                "escapedName": "value",
                "_row": "value",
                "isNumeric": true,
                "isDate": false
            }
        ],
        "data": [
            {
                "c1": "DICK'S Sporting Goods, Inc.",
                "c2": 11.9882
            },
            {
                "c1": "Bayer Corporation",
                "c2": 11.6771
            },
            {
                "c1": "Merisant Company",
                "c2": 11.5153
            },
            {
                "c1": "Michelman, Inc.",
                "c2": 11.4169
            },
            {
                "c1": "INFICON, Inc.",
                "c2": 11.3812
            },
            {
                "c1": "Stoesser Industries d/b/a SMC Ltd.",
                "c2": 11.3098
            },
            {
                "c1": "HA INTERNATIONAL LLC",
                "c2": 11.1882
            },
            {
                "c1": "Pepsico, Inc.",
                "c2": 11.106
            },
            {
                "c1": "Kate Spade & Company",
                "c2": 11.0753
            },
            {
                "c1": "Harris Freeman & Co., Inc.",
                "c2": 10.8505
            },
            {
                "c1": "Rogers Corporation",
                "c2": 10.4199
            },
            {
                "c1": "TOMS Shoes, LLC",
                "c2": 10.4186
            },
            {
                "c1": "Materion Corporation (incl subsidiaries Materion B",
                "c2": 10.4036
            },
            {
                "c1": "The Luaridson Group, Inc. through its Proliant bus",
                "c2": 10.3758
            },
            {
                "c1": "The Lauridsen GRoup, Inc through its subsidiary Bo",
                "c2": 10.2156
            },
            {
                "c1": "The Sleep Train, Inc.",
                "c2": 10.1994
            },
            {
                "c1": "Bernhardt Furniture Company",
                "c2": 10.0954
            },
            {
                "c1": "FXI, Inc.",
                "c2": 10.0477
            },
            {
                "c1": "HM Electronics, Inc.",
                "c2": 9.9222
            },
            {
                "c1": "Exemplis LLC, dba SitOnIt Seating, SitOnIt, Ideon",
                "c2": 9.9193
            },
            {
                "c1": "Leatherman Tool Group, Inc.",
                "c2": 9.9088
            },
            {
                "c1": "Trinity Industries, Inc.",
                "c2": 9.8081
            },
            {
                "c1": "Mettler-Toledo",
                "c2": 9.6979
            },
            {
                "c1": "Rentech, Inc.",
                "c2": 9.6026
            },
            {
                "c1": "Swatfame Inc.",
                "c2": 9.5894
            },
            {
                "c1": "Garland Industries, Inc.",
                "c2": 9.4807
            },
            {
                "c1": "Robinson Helicopter Company, Inc.",
                "c2": 9.4785
            },
            {
                "c1": "TUPACK Verpackungen Gesellschaft m.b.H./ MARETO Ku",
                "c2": 9.4526
            },
            {
                "c1": "WellPet",
                "c2": 9.4171
            },
            {
                "c1": "The Segerdahl Corporation DBA SG360°",
                "c2": 9.3797
            },
            {
                "c1": "Elkay Manufacturing Company",
                "c2": 9.3783
            },
            {
                "c1": "Schwarze Industries, Inc.",
                "c2": 9.3665
            },
            {
                "c1": "Batteries Plus Holding Corporation dba Batteries P",
                "c2": 9.3635
            },
            {
                "c1": "The Colgate-Palmolive Company",
                "c2": 9.3324
            },
            {
                "c1": "California Dairies, Inc.",
                "c2": 9.2668
            },
            {
                "c1": "DairiConcepts, LP",
                "c2": 9.1854
            },
            {
                "c1": "GOJO Industries, Inc.",
                "c2": 8.9123
            },
            {
                "c1": "Luvata Appleton, LLC",
                "c2": 8.6848
            },
            {
                "c1": "Under Armour, Inc.",
                "c2": 8.5066
            },
            {
                "c1": "National Steel and Shipbuilding Company DBA NASSCO",
                "c2": 8.4407
            },
            {
                "c1": "Manchester Tank & Equipment Co.",
                "c2": 8.3829
            },
            {
                "c1": "Orbital Sciences Corporation, Orbital ATK, Inc.",
                "c2": 8.3413
            },
            {
                "c1": "q.e.p. co., inc.",
                "c2": 8.2821
            },
            {
                "c1": "The Lauridsen Group, Inc. through its Essentia Pro",
                "c2": 8.2741
            },
            {
                "c1": "Outerwall Inc.",
                "c2": 8.2683
            },
            {
                "c1": "Linde North America, Inc",
                "c2": 8.2657
            },
            {
                "c1": "Hill Phoenix, Inc.",
                "c2": 8.0452
            },
            {
                "c1": "Fox Factory, Inc.",
                "c2": 8.0006
            },
            {
                "c1": "ICL Performance Products LP",
                "c2": 7.9923
            },
            {
                "c1": "Therma-Tru Corp.",
                "c2": 7.7616
            },
            {
                "c1": "Moen Incorporated",
                "c2": 7.7616
            },
            {
                "c1": "MasterBrand Cabinets, Inc. (MBCI)",
                "c2": 7.7616
            },
            {
                "c1": "Global Brass and Copper, Inc.",
                "c2": 7.6582
            },
            {
                "c1": "Rite-Hite Holding Corporation",
                "c2": 7.6133
            },
            {
                "c1": "Marian, Inc.",
                "c2": 7.5499
            },
            {
                "c1": "Merit Medical Systems, Inc.",
                "c2": 7.5458
            },
            {
                "c1": "Tnemec Company, Inc.",
                "c2": 7.5244
            },
            {
                "c1": "CWI, Inc. d/b/a Camping World, Inc.",
                "c2": 7.4714
            },
            {
                "c1": "North American Stainless, G. P.",
                "c2": 7.4642
            },
            {
                "c1": "True Religion Apparel, Inc.",
                "c2": 7.2725
            },
            {
                "c1": "Bristol-Myers Squibb (and subsidiaries)",
                "c2": 7.2439
            },
            {
                "c1": "Benefit Cosmetics LLC",
                "c2": 7.2254
            },
            {
                "c1": "Georgia Pacific Panel Products LLC",
                "c2": 6.9137
            },
            {
                "c1": "Georgia-Pacific Corrugated III LLC",
                "c2": 6.9137
            },
            {
                "c1": "Georgia-Pacific Gypsum LLC",
                "c2": 6.9137
            },
            {
                "c1": "Georgia-Pacific Consumer Operations LLC",
                "c2": 6.9137
            },
            {
                "c1": "Unified Brands",
                "c2": 6.8954
            },
            {
                "c1": "Sun Chemical Corporation",
                "c2": 6.8509
            },
            {
                "c1": "GN Netcom, Inc.",
                "c2": 6.8173
            },
            {
                "c1": "Knoll, Inc. d/b/a North America Knoll, Inc.",
                "c2": 6.7831
            },
            {
                "c1": "Jaclyn, Inc.",
                "c2": 6.652
            },
            {
                "c1": "ISOLA USA Corp",
                "c2": 6.644
            },
            {
                "c1": "R. A. Phillips Industries, Inc., dba \"Phillips Ind",
                "c2": 6.522
            },
            {
                "c1": "Kuni Enterprises, Inc. DBA Kuni Automotive",
                "c2": 6.4139
            },
            {
                "c1": "Gene Holding LLC",
                "c2": 6.4
            },
            {
                "c1": "L & M Footwear, Inc. DBA Robert Wayne Footwear DBA",
                "c2": 6.3741
            },
            {
                "c1": "LaCrosse Footwear, Inc.",
                "c2": 6.1941
            },
            {
                "c1": "Bemis Associates Inc. and Subs 04-1078880",
                "c2": 6.1064
            },
            {
                "c1": "Betco Corporation",
                "c2": 6.0945
            },
            {
                "c1": "Standard Motor Products, Inc.",
                "c2": 5.8748
            },
            {
                "c1": "DVCC Inc. and Subsidiaries",
                "c2": 5.7149
            },
            {
                "c1": "Spirit Halloween Superstores LLC",
                "c2": 5.6736
            },
            {
                "c1": "Samtec, Inc. (Samtec Optical Group)",
                "c2": 5.6337
            },
            {
                "c1": "Silicon Laboratories Inc.",
                "c2": 5.4549
            },
            {
                "c1": "Just Born, Inc.",
                "c2": 5.1708
            },
            {
                "c1": "Alcoa Inc.",
                "c2": 5.1376
            },
            {
                "c1": "Sapa Extrusions, Inc.; Sapa Extrusions North Ameri",
                "c2": 4.5924
            },
            {
                "c1": "Dollar Tree",
                "c2": 4.445
            },
            {
                "c1": "Zoeller Pump Company",
                "c2": 4.3688
            },
            {
                "c1": "One Kings Lane, Inc.",
                "c2": 4.2357
            },
            {
                "c1": "Bar-S Foods Co.",
                "c2": 3.95
            },
            {
                "c1": "Bissell Homecare Inc",
                "c2": 3.8152
            },
            {
                "c1": "Bissell Inc",
                "c2": 3.8152
            },
            {
                "c1": "Enterprise Products Operating LLC",
                "c2": 3.6335
            },
            {
                "c1": "Citi Trends, Inc.",
                "c2": 3.6135
            },
            {
                "c1": "Arch Telecom Inc.",
                "c2": 3.2119
            },
            {
                "c1": "HARMONIC INC. WHICH WILL DO BUSINESS IN CALIFORNIA",
                "c2": 2.8616
            },
            {
                "c1": "Flowserve US, Inc.",
                "c2": 2.4321
            },
            {
                "c1": "A-dec Inc.",
                "c2": 2.2976
            },
            {
                "c1": "Akebono Brake Corporation",
                "c2": 1.6633
            }
        ],
        "height": 378,
        "width": 609,
        "sortTarget": "y"
    },
    "timestamp": "2016-09-30T14:18:38.033Z",
    "updatedBy": "",
    "snapshot": null,
    "publicTitle": "",
    "publicDescription": "",
    "publicDataSourceURL": "",
    "publicWithData": true,
    "privateShare": false,
    "sharedURL": "",
    "publishSizeOption": null,
    "filename": "Similarity_3.json"
}