{
    "name": "Similarity_viz_1",
    "displayName": "SimilarDoc_Cosine",
    "dependencies": [
        "Similarity"
    ],
    "transformName": "",
    "options": {
        "marker": "heatmap",
        "x": {
            "name": "name.x",
            "validName": "name.x",
            "type": "character",
            "isNumeric": false,
            "isDate": false,
            "func": "none",
            "label": "c1",
            "validLabel": "c1"
        },
        "y": {
            "name": "name.y",
            "validName": "name.y",
            "type": "character",
            "isNumeric": false,
            "isDate": false,
            "func": "none",
            "label": "c2",
            "validLabel": "c2"
        },
        "size": "",
        "color": {
            "name": "value",
            "validName": "value",
            "type": "numeric",
            "isNumeric": true,
            "isDate": false,
            "func": "sum",
            "label": "c3",
            "validLabel": "c3"
        },
        "text": "",
        "shape": "",
        "facetcolumn": "",
        "facetrow": "",
        "barstyle": "stack",
        "barsort": "off",
        "label": "",
        "colh": "",
        "rowh": "",
        "meas": "",
        "scatterText": "",
        "includeOutlier": "off",
        "treatNAAsZero": "on",
        "mapmode": "USA-states",
        "columns": [
            {
                "name": "name.x",
                "type": "character",
                "escapedName": "name.x",
                "_row": "name.x",
                "isNumeric": false,
                "isDate": false
            },
            {
                "name": "name.y",
                "type": "character",
                "escapedName": "name.y",
                "_row": "name.y",
                "isNumeric": false,
                "isDate": false
            },
            {
                "name": "value",
                "type": "numeric",
                "escapedName": "value",
                "_row": "value",
                "isNumeric": true,
                "isDate": false
            }
        ],
        "data": [
            {
                "c1": "Moen Incorporated",
                "c2": "MasterBrand Cabinets, Inc. (MBCI)",
                "c3": 1
            },
            {
                "c1": "Moen Incorporated",
                "c2": "Therma-Tru Corp.",
                "c3": 1
            }
        ],
        "height": 378,
        "width": 609,
        "yWindowFunc": null,
        "yWindowFuncGroup": null,
        "yWindowFuncSize": null,
        "yWindowFuncAlign": null,
        "sortTarget": ""
    },
    "timestamp": "2016-09-30T14:10:04.004Z",
    "updatedBy": "",
    "snapshot": null,
    "publicTitle": "",
    "publicDescription": "",
    "publicDataSourceURL": "",
    "publicWithData": true,
    "privateShare": false,
    "sharedURL": "",
    "publishSizeOption": null,
    "filename": "Similarity_viz_1.json"
}