{
    "name": "CA_Trans_Supply_Chain_3cb1b3ff2244",
    "displayName": "Grouping",
    "type": "GROUP_BY",
    "dependencies": [
        {
            "type": "dataframe",
            "id": "CA_Trans_Supply_Chain_8f2060dfc132"
        }
    ],
    "belongsTo": {
        "type": "dataframe",
        "id": "CA_Trans_Supply_Chain"
    },
    "props": {},
    "transform": {
        "type": "",
        "props": {},
        "script": "group_by(name)",
        "command": {
            "name": "group_by",
            "columns": [
                {
                    "columnName": "name"
                }
            ]
        }
    },
    "timestamp": "2016-09-29T00:08:03.927Z",
    "filename": "CA_Trans_Supply_Chain_3cb1b3ff2244.json"
}