{
    "name": "CA_Trans_Supply_Chain_8f2060dfc132",
    "displayName": "Filter",
    "type": "FILTER",
    "dependencies": [
        {
            "type": "dataframe",
            "id": "CA_Trans_Supply_Chain_52d660519f98"
        }
    ],
    "belongsTo": {
        "type": "dataframe",
        "id": "CA_Trans_Supply_Chain"
    },
    "props": {},
    "transform": {
        "type": "",
        "props": {},
        "script": "filter(count_of_docs > 1)",
        "command": {
            "name": "filter",
            "conditions": [
                {
                    "formType": "column",
                    "column": {
                        "name": "count_of_docs",
                        "type": "numeric"
                    },
                    "operator": "greaterThan",
                    "val": "1"
                }
            ]
        }
    },
    "timestamp": "2016-09-30T11:57:53.359Z",
    "filename": "CA_Trans_Supply_Chain_8f2060dfc132.json"
}