{
    "name": "CA_Trans_Supply_Chain_dc3f10bd1bce",
    "displayName": "Tokenize Text",
    "type": "DO_TOKENIZE",
    "dependencies": [
        {
            "type": "dataframe",
            "id": "CA_Trans_Supply_Chain_9401df03ce01"
        }
    ],
    "belongsTo": {
        "type": "dataframe",
        "id": "CA_Trans_Supply_Chain"
    },
    "props": {},
    "transform": {
        "type": "",
        "props": {},
        "script": "do_tokenize(text)",
        "command": {
            "name": "do_tokenize",
            "textColumn": {
                "name": "text",
                "type": "unknown"
            },
            "tokenType": "",
            "to_lower": "",
            "drop": "",
            "with_id": ""
        }
    },
    "timestamp": "2016-09-28T09:16:16.967Z"
}