{
    "name": "CA_Trans_Supply_Chain_Source1",
    "displayName": "Source",
    "type": "SOURCE",
    "dependencies": [],
    "belongsTo": {
        "type": "dataframe",
        "id": "CA_Trans_Supply_Chain"
    },
    "props": {},
    "transform": {
        "type": "local_csv",
        "props": {
            "data": "D:\\Fall 16\\ADS\\Exploratory\\CA_Trans_Supply_Chain.csv",
            "timestamp": "2016-09-28T09:01:47.629Z",
            "heading": "TRUE",
            "sep": ",",
            "customSep": "",
            "decimal": ".",
            "group": "",
            "quote": "\"",
            "skipNrows": "0",
            "comment": "",
            "nastring": "NA",
            "numOfPreviewRows": "50",
            "encoding": "UTF-8",
            "trimWs": "FALSE"
        },
        "script": "read_delim(\"D:\\\\Fall 16\\\\ADS\\\\Exploratory\\\\CA_Trans_Supply_Chain.csv\" , \",\", quote = \"\\\"\", skip = 0 , col_names = TRUE , na = c(\"\",\"NA\") , locale=locale(encoding = \"UTF-8\", decimal_mark = \".\"), trim_ws = FALSE , progress = FALSE)"
    },
    "timestamp": "2016-09-28T09:01:47.365Z"
}