{
    "name": "CA_Trans_Supply_Chain_b679c3936d5d",
    "displayName": "Grouping",
    "type": "GROUP_BY",
    "dependencies": [
        {
            "type": "dataframe",
            "id": "CA_Trans_Supply_Chain_07bd39b40579"
        }
    ],
    "belongsTo": {
        "type": "dataframe",
        "id": "CA_Trans_Supply_Chain"
    },
    "props": {},
    "transform": {
        "type": "",
        "props": {},
        "script": "group_by(name, sentence_id)"
    },
    "timestamp": "2016-09-30T10:17:18.889Z",
    "filename": "CA_Trans_Supply_Chain_b679c3936d5d.json"
}