{
    "name": "CA_Trans_Supply_Chain_9401df03ce01",
    "displayName": "Mutate",
    "type": "MUTATE",
    "dependencies": [
        {
            "type": "dataframe",
            "id": "CA_Trans_Supply_Chain_Source1"
        }
    ],
    "belongsTo": {
        "type": "dataframe",
        "id": "CA_Trans_Supply_Chain"
    },
    "props": {},
    "transform": {
        "type": "",
        "props": {},
        "script": "mutate(name = str_sub(name,1,50))",
        "command": {
            "name": "mutate",
            "mutations": [
                {
                    "columnSelectorType": "overwrite",
                    "newColumnName": "",
                    "column": {
                        "name": "name",
                        "type": "character"
                    },
                    "expression": "str_sub(name,1,50)"
                }
            ]
        }
    },
    "timestamp": "2016-09-28T23:26:52.560Z",
    "filename": "CA_Trans_Supply_Chain_9401df03ce01.json"
}