{
    "name": "CA_Trans_Supply_Chain_571c388e38fb",
    "displayName": "Create N-gram",
    "type": "DO_NGRAM",
    "dependencies": [
        {
            "type": "dataframe",
            "id": "CA_Trans_Supply_Chain_b679c3936d5d"
        }
    ],
    "belongsTo": {
        "type": "dataframe",
        "id": "CA_Trans_Supply_Chain"
    },
    "props": {},
    "transform": {
        "type": "",
        "props": {},
        "script": "do_ngram(token_stem, document_id, sentence_id)",
        "command": {
            "name": "do_ngram",
            "tokenColumn": {
                "name": "token_stem",
                "type": "unknown"
            },
            "documentColumn": {
                "name": "document_id",
                "type": "unknown"
            },
            "sentenceColumn": {
                "name": "sentence_id",
                "type": "unknown"
            }
        }
    },
    "timestamp": "2016-09-30T11:47:35.409Z",
    "filename": "CA_Trans_Supply_Chain_571c388e38fb.json"
}