{
    "name": "CA_Trans_Supply_Chain_07bd39b40579",
    "displayName": "Mutate",
    "type": "MUTATE",
    "dependencies": [
        {
            "type": "dataframe",
            "id": "CA_Trans_Supply_Chain_be4dfb73b1c4"
        }
    ],
    "belongsTo": {
        "type": "dataframe",
        "id": "CA_Trans_Supply_Chain"
    },
    "props": {},
    "transform": {
        "type": "",
        "props": {},
        "script": "mutate(token_stem = stem_word(token))"
    },
    "timestamp": "2016-09-30T09:58:27.725Z",
    "filename": "CA_Trans_Supply_Chain_07bd39b40579.json"
}