{
    "name": "CA_Trans_Supply_Chain_02da15ca9995",
    "displayName": "Filter",
    "type": "FILTER",
    "dependencies": [
        {
            "type": "dataframe",
            "id": "CA_Trans_Supply_Chain_dc3f10bd1bce"
        }
    ],
    "belongsTo": {
        "type": "dataframe",
        "id": "CA_Trans_Supply_Chain"
    },
    "props": {},
    "transform": {
        "type": "",
        "props": {},
        "script": "filter(!is_stopword(token)& is_alphabet(token))",
        "command": {
            "name": "filter",
            "conditions": [
                {
                    "formType": "custom",
                    "condition": "!is_stopword(token)& is_alphabet(token)"
                }
            ]
        }
    },
    "timestamp": "2016-09-30T09:55:16.321Z",
    "filename": "CA_Trans_Supply_Chain_02da15ca9995.json"
}