{
    "name": "CA_Trans_Supply_Chain_01931b0ba129",
    "displayName": "Top N / Bottom N",
    "type": "TOP_N",
    "dependencies": [
        {
            "type": "dataframe",
            "id": "CA_Trans_Supply_Chain_3cb1b3ff2244"
        }
    ],
    "belongsTo": {
        "type": "dataframe",
        "id": "CA_Trans_Supply_Chain"
    },
    "props": {},
    "transform": {
        "type": "",
        "props": {},
        "script": "top_n(10, tfidf)",
        "command": {
            "name": "top_n",
            "order": "Top",
            "n": 10,
            "column": {
                "name": "tfidf",
                "type": "unknown"
            }
        }
    },
    "timestamp": "2016-09-30T12:06:06.304Z",
    "filename": "CA_Trans_Supply_Chain_01931b0ba129.json"
}