{
    "name": "CA_Trans_Supply_Chain_52d660519f98",
    "displayName": "Calculate tf-idf",
    "type": "DO_TFIDF",
    "dependencies": [
        {
            "type": "dataframe",
            "id": "CA_Trans_Supply_Chain_571c388e38fb"
        }
    ],
    "belongsTo": {
        "type": "dataframe",
        "id": "CA_Trans_Supply_Chain"
    },
    "props": {},
    "transform": {
        "type": "",
        "props": {},
        "script": "do_tfidf(name,token_stem)"
    },
    "timestamp": "2016-09-30T12:05:03.412Z",
    "filename": "CA_Trans_Supply_Chain_52d660519f98.json"
}