{
    "name": "CA_Trans_Supply_Chain_be4dfb73b1c4",
    "displayName": "Arrange (Sort)",
    "type": "ARRANGE",
    "dependencies": [
        {
            "type": "dataframe",
            "id": "CA_Trans_Supply_Chain_02da15ca9995"
        }
    ],
    "belongsTo": {
        "type": "dataframe",
        "id": "CA_Trans_Supply_Chain"
    },
    "props": {},
    "transform": {
        "type": "",
        "props": {},
        "script": "arrange(token)"
    },
    "timestamp": "2016-09-30T09:55:00.597Z",
    "filename": "CA_Trans_Supply_Chain_be4dfb73b1c4.json"
}