{
    "name": "DimensionReduction_Clustering_4a15a98bf01b",
    "displayName": "SVD",
    "type": "DO_SVD.KV",
    "dependencies": [
        {
            "type": "dataframe",
            "id": "DimensionReduction_Clustering_fd62da0551db"
        }
    ],
    "belongsTo": {
        "type": "dataframe",
        "id": "DimensionReduction_Clustering"
    },
    "props": {},
    "transform": {
        "type": "",
        "props": {},
        "script": "do_svd.kv(name,token_stem,tfidf,n_component=3)"
    },
    "timestamp": "2016-09-29T01:11:58.827Z"
}