{
    "name": "DimensionReduction_Clustering_51884e9e1252",
    "displayName": "Grouping",
    "type": "GROUP_BY",
    "dependencies": [
        {
            "type": "dataframe",
            "id": "DimensionReduction_Clustering_4431ec668a96"
        }
    ],
    "belongsTo": {
        "type": "dataframe",
        "id": "DimensionReduction_Clustering"
    },
    "props": {},
    "transform": {
        "type": "",
        "props": {},
        "script": "group_by(cluster)",
        "command": {
            "name": "group_by",
            "columns": [
                {
                    "columnName": "cluster"
                }
            ]
        }
    },
    "timestamp": "2016-09-30T15:03:01.949Z"
}