{
    "name": "DimensionReduction_Clustering_2f59cae76648",
    "displayName": "K-means",
    "type": "BUILD_KMEANS",
    "dependencies": [
        {
            "type": "dataframe",
            "id": "DimensionReduction_Clustering_39f222b01791"
        }
    ],
    "belongsTo": {
        "type": "dataframe",
        "id": "DimensionReduction_Clustering"
    },
    "props": {},
    "transform": {
        "type": "",
        "props": {},
        "script": "build_kmeans.cols(`1`,`2`,`3`,centers=5,augment=TRUE)"
    },
    "timestamp": "2016-09-30T14:53:28.663Z",
    "filename": "DimensionReduction_Clustering_2f59cae76648.json"
}