{
    "name": "DimensionReduction_Clustering_16f3818651e4",
    "displayName": "Calculate tf-idf",
    "type": "DO_TFIDF",
    "dependencies": [
        {
            "type": "dataframe",
            "id": "DimensionReduction_Clustering_d5dd6938c0e6"
        }
    ],
    "belongsTo": {
        "type": "dataframe",
        "id": "DimensionReduction_Clustering"
    },
    "props": {},
    "transform": {
        "type": "",
        "props": {},
        "script": "do_tfidf(cluster,token_stem)"
    },
    "timestamp": "2016-09-29T01:30:48.180Z"
}