{
    "name": "DimensionReduction_Clustering_875588d8020b",
    "displayName": "Top N / Bottom N",
    "type": "TOP_N",
    "dependencies": [
        {
            "type": "dataframe",
            "id": "DimensionReduction_Clustering_ab9aeeb3b21f"
        }
    ],
    "belongsTo": {
        "type": "dataframe",
        "id": "DimensionReduction_Clustering"
    },
    "props": {},
    "transform": {
        "type": "",
        "props": {},
        "script": "top_n(10, tfidf)",
        "command": {
            "name": "top_n",
            "order": "Top",
            "n": "10",
            "column": {
                "name": "tfidf",
                "type": "unknown"
            }
        }
    },
    "timestamp": "2016-09-29T01:34:18.823Z",
    "filename": "DimensionReduction_Clustering_875588d8020b.json"
}