{
    "name": "DimensionReduction_Clustering_fd62da0551db",
    "displayName": "Select",
    "type": "SELECT",
    "dependencies": [
        {
            "type": "dataframe",
            "id": "CA_Trans_Supply_Chain_8f2060dfc132"
        }
    ],
    "belongsTo": {
        "type": "dataframe",
        "id": "DimensionReduction_Clustering"
    },
    "props": {},
    "transform": {
        "type": "",
        "props": {},
        "script": "select(name, token_stem, tfidf)",
        "command": {
            "name": "select",
            "columnSelectors": [
                {
                    "includeOrExclude": "Include",
                    "columnSelectorType": "column",
                    "name": "name"
                },
                {
                    "includeOrExclude": "Include",
                    "columnSelectorType": "column",
                    "name": "token_stem"
                },
                {
                    "includeOrExclude": "Include",
                    "columnSelectorType": "column",
                    "name": "tfidf"
                }
            ]
        }
    },
    "timestamp": "2016-09-30T14:29:00.173Z",
    "filename": "DimensionReduction_Clustering_fd62da0551db.json"
}