{
    "name": "DimensionReduction_Clustering_39f222b01791",
    "displayName": "Spread",
    "type": "SPREAD",
    "dependencies": [
        {
            "type": "dataframe",
            "id": "DimensionReduction_Clustering_4a15a98bf01b"
        }
    ],
    "belongsTo": {
        "type": "dataframe",
        "id": "DimensionReduction_Clustering"
    },
    "props": {},
    "transform": {
        "type": "",
        "props": {},
        "script": "spread(new.dimension,value)"
    },
    "timestamp": "2016-09-29T01:13:58.027Z"
}