{
    "name": "DimensionReduction_Clustering_4431ec668a96",
    "displayName": "K-means",
    "type": "BUILD_KMEANS",
    "dependencies": [
        {
            "type": "dataframe",
            "id": "DimensionReduction_Clustering_2f59cae76648"
        }
    ],
    "belongsTo": {
        "type": "dataframe",
        "id": "DimensionReduction_Clustering"
    },
    "props": {},
    "transform": {
        "type": "",
        "props": {},
        "script": "build_kmeans.cols(-name, centers=5, augment=TRUE)"
    },
    "timestamp": "2016-09-30T14:56:53.895Z"
}