{
    "name": "DimensionReduction_Clustering_d5dd6938c0e6",
    "displayName": "Left Join",
    "type": "LEFT_JOIN",
    "dependencies": [
        {
            "type": "dataframe",
            "id": "DimensionReduction_Clustering_51884e9e1252"
        },
        {
            "type": "dataframe",
            "id": "Document_Term_Mapping"
        }
    ],
    "belongsTo": {
        "type": "dataframe",
        "id": "DimensionReduction_Clustering"
    },
    "props": {},
    "transform": {
        "type": "",
        "props": {},
        "script": "left_join(Document_Term_Mapping,by=c(\"name\"=\"name\"))"
    },
    "timestamp": "2016-09-30T15:21:39.002Z",
    "filename": "DimensionReduction_Clustering_d5dd6938c0e6.json"
}