{
    "name": "DimensionReduction_Clustering_ab9aeeb3b21f",
    "displayName": "Grouping",
    "type": "GROUP_BY",
    "dependencies": [
        {
            "type": "dataframe",
            "id": "DimensionReduction_Clustering_16f3818651e4"
        }
    ],
    "belongsTo": {
        "type": "dataframe",
        "id": "DimensionReduction_Clustering"
    },
    "props": {},
    "transform": {
        "type": "",
        "props": {},
        "script": "group_by(cluster)"
    },
    "timestamp": "2016-09-29T01:31:20.785Z"
}