{
    "name": "Similarity_6e36220bc10c",
    "displayName": "Arrange (Sort)",
    "type": "ARRANGE",
    "dependencies": [
        {
            "type": "dataframe",
            "id": "Similarity_c6e12f1a8fe3"
        }
    ],
    "belongsTo": {
        "type": "dataframe",
        "id": "Similarity"
    },
    "props": {},
    "transform": {
        "type": "",
        "props": {},
        "script": "arrange(desc(value))",
        "command": {
            "name": "arrange",
            "columns": [
                {
                    "column": {
                        "name": "value"
                    },
                    "order": "Descending"
                }
            ]
        }
    },
    "timestamp": "2016-09-29T00:40:21.729Z",
    "filename": "Similarity_6e36220bc10c.json"
}