{
    "name": "Similarity_2d6948cbd5b8",
    "displayName": "Cosine Similarity",
    "type": "DO_COSINE_SIM.KV",
    "dependencies": [
        {
            "type": "dataframe",
            "id": "CA_Trans_Supply_Chain_8f2060dfc132"
        }
    ],
    "belongsTo": {
        "type": "dataframe",
        "id": "Similarity"
    },
    "props": {},
    "transform": {
        "type": "",
        "props": {},
        "script": "do_cosine_sim.kv(name,token_stem,tfidf)"
    },
    "timestamp": "2016-09-30T13:11:34.068Z",
    "filename": "Similarity_2d6948cbd5b8.json"
}